{"E_total": -244.69946857986295, "elapsed": 19.576101779937744}