{"E_total": -244.6621614152213, "elapsed": 38.748404026031494}