{
  "OH": {
    "E_gas": -7.55401233,
    "E_slab": -336.05428667,
    "E_total_best": -346.85652996000005,
    "best_offset": "ofst_0.5_0.0",
    "E_ads_best": -3.2482309600000576,
    "offsets": {
      "ofst_0.0_0.0": {
        "E_total": -345.88098405000005,
        "elapsed": 837.7401490211487
      },
      "ofst_0.5_0.0": {
        "E_total": -346.85652996000005,
        "elapsed": 3620.01913690567
      },
      "ofst_0.33_0.33": {
        "E_total": -346.74236335,
        "elapsed": 959.4262120723724
      },
      "ofst_0.66_0.66": {
        "E_total": -346.64110715,
        "elapsed": 1230.5059971809387
      }
    }
  },
  "HO2": {
    "E_gas": -13.09501097,
    "E_slab": -336.05428667,
    "E_total_best": -353.80584349000003,
    "best_offset": "ofst_0.5_0.0",
    "E_ads_best": -4.656545850000043,
    "offsets": {
      "ofst_0.0_0.0": {
        "E_total": -353.77660719999994,
        "elapsed": 11096.727164268494
      },
      "ofst_0.5_0.0": {
        "E_total": -353.80584349000003,
        "elapsed": 8310.627920389175
      },
      "ofst_0.33_0.33": {
        "E_total": -350.92023419,
        "elapsed": 2131.6747510433197
      },
      "ofst_0.66_0.66": {
        "E_total": -350.84048342000006,
        "elapsed": 2085.179563522339
      }
    }
  },
  "O": {
    "E_gas": -1.57618459,
    "E_slab": -336.05428667,
    "E_total_best": -342.94751752,
    "best_offset": "ofst_0.33_0.33",
    "E_ads_best": -5.317046259999984,
    "offsets": {
      "ofst_0.0_0.0": {
        "E_total": -341.63552548,
        "elapsed": 1129.3730885982513
      },
      "ofst_0.5_0.0": {
        "E_total": -342.94737037000004,
        "elapsed": 2239.7546565532684
      },
      "ofst_0.33_0.33": {
        "E_total": -342.94751752,
        "elapsed": 1013.2219185829163
      },
      "ofst_0.66_0.66": {
        "E_total": -342.81344207999996,
        "elapsed": 995.7956962585449
      }
    }
  },
  "O2": {
    "E_gas": -9.65531341
  },
  "H2O": {
    "E_gas": -14.21139205
  },
  "H2": {
    "E_gas": -6.99812568
  }
}