{"E_total": -132.16146754996726, "elapsed": 5.280426979064941}