{"E_total": -133.09090615683243, "elapsed": 18.32433009147644}