{"E_total": -106.429989019006, "elapsed": 14.58683705329895}