{"E_total": -107.65331729080748, "elapsed": 17.388551950454712}