{"E_total": -106.40237519236369, "elapsed": 11.017729043960571}