{"E_total": -107.63498757031402, "elapsed": 16.256930828094482}