{"E_total": -239.6761661473821, "elapsed": 9.187676191329956}