{"E_total": -239.6166224434297, "elapsed": 13.621770143508911}