{"E_total": -240.0639148718071, "elapsed": 27.608733892440796}