{"E_total": -239.23964037324816, "elapsed": 5.66997504234314}