{"E_total": -202.49316590797918, "elapsed": 10.057672023773193}