{"E_total": -201.20751611917348, "elapsed": 10.333426237106323}