{"E_total": -202.15572064975072, "elapsed": 9.596121072769165}