{"E_total": -200.71494123930702, "elapsed": 9.08175277709961}