{"E_total": -240.0639148718071, "elapsed": 25.951523065567017}