{"E_total": -157.6430039317771, "elapsed": 12.758543014526367}