{"E_total": -157.94000645840902, "elapsed": 14.940399885177612}