{"E_total": -157.97332604586975, "elapsed": 25.439975261688232}