{"E_total": -157.94416870343753, "elapsed": 14.458601951599121}