{"E_total": -327.05888513281747, "elapsed": 15.31073808670044}