{"E_total": -327.36015421062854, "elapsed": 9.905636072158813}