{"E_total": -327.70076386549437, "elapsed": 8.727586030960083}