{"E_total": -327.6358936289793, "elapsed": 8.410943031311035}