{"E_total": -117.33300621844054, "elapsed": 9.93949007987976}