{"E_total": -117.92359752575457, "elapsed": 9.292556047439575}