{"E_total": -118.07624253249351, "elapsed": 10.508495092391968}