{"E_total": -118.1059897844165, "elapsed": 10.478325128555298}