{"E_total": -137.21798880040916, "elapsed": 10.66379690170288}