{"E_total": -137.66512858692238, "elapsed": 6.863603353500366}