{"E_total": -137.82380301113156, "elapsed": 27.26249599456787}