{
  "OH": {
    "E_gas": -7.55401233,
    "E_slab": -660.35924602,
    "E_total_best": -670.60364731,
    "best_site": "idx_2",
    "E_ads_best": -2.690388960000064,
    "sites": {
      "idx_2": {
        "E_total": -670.60364731,
        "elapsed": 6219.028114795685
      }
    }
  },
  "HO2": {
    "E_gas": -13.09479942,
    "E_slab": -660.35924602,
    "E_total_best": -674.6253107,
    "best_site": "idx_2",
    "E_ads_best": -1.171265260000041,
    "sites": {
      "idx_2": {
        "E_total": -674.6253107,
        "elapsed": 6863.253912448883
      }
    }
  },
  "O": {
    "E_gas": -1.57618459,
    "E_slab": -660.35924602,
    "E_total_best": -666.56813939,
    "best_site": "idx_2",
    "E_ads_best": -4.63270878000003,
    "sites": {
      "idx_2": {
        "E_total": -666.56813939,
        "elapsed": 9786.91954922676
      }
    }
  },
  "O2": {
    "E_gas": -9.65530471
  },
  "H2O": {
    "E_gas": -14.2188021
  },
  "H2": {
    "E_gas": -6.99812568
  }
}