{
  "OH": {
    "E_gas": -8.228204736343638,
    "E_slab": -185.49833235830008,
    "E_total_best": -196.2796688340778,
    "best_offset": "ofst_0.33_0.33",
    "E_ads_best": -2.553131739434093,
    "offsets": {
      "ofst_0.0_0.0": {
        "E_total": -194.775830268586,
        "elapsed": 8.449662208557129
      },
      "ofst_0.5_0.0": {
        "E_total": -195.9806810156935,
        "elapsed": 8.391506910324097
      },
      "ofst_0.33_0.33": {
        "E_total": -196.2796688340778,
        "elapsed": 10.32445502281189
      },
      "ofst_0.66_0.66": {
        "E_total": -196.27366931239393,
        "elapsed": 9.56038212776184
      }
    }
  },
  "HO2": {
    "E_gas": -13.433092992025365,
    "E_slab": -185.49833235830008,
    "E_total_best": -202.49316590797918,
    "best_offset": "ofst_0.5_0.0",
    "E_ads_best": -3.561740557653735,
    "offsets": {
      "ofst_0.0_0.0": {
        "E_total": -201.20751611917348,
        "elapsed": 10.333426237106323
      },
      "ofst_0.5_0.0": {
        "E_total": -202.49316590797918,
        "elapsed": 10.057672023773193
      },
      "ofst_0.33_0.33": {
        "E_total": -200.71494123930702,
        "elapsed": 9.08175277709961
      },
      "ofst_0.66_0.66": {
        "E_total": -202.15572064975072,
        "elapsed": 9.596121072769165
      }
    }
  },
  "O": {
    "E_gas": -1.54690765,
    "E_slab": -185.49833235830008,
    "E_total_best": -192.82494453304727,
    "best_offset": "ofst_0.33_0.33",
    "E_ads_best": -5.7797045247471885,
    "offsets": {
      "ofst_0.0_0.0": {
        "E_total": -190.61913932328727,
        "elapsed": 8.652276039123535
      },
      "ofst_0.5_0.0": {
        "E_total": -192.24803964461412,
        "elapsed": 9.358015060424805
      },
      "ofst_0.33_0.33": {
        "E_total": -192.82494453304727,
        "elapsed": 8.928347110748291
      },
      "ofst_0.66_0.66": {
        "E_total": -192.8236259298485,
        "elapsed": 8.876740217208862
      }
    }
  },
  "O2": {
    "E_gas": -9.885467272081563
  },
  "H2O": {
    "E_gas": -14.18684022753907
  },
  "H2": {
    "E_gas": -6.772391936670102
  },
  "E_bulk": -192.98923160197594
}