{"E_total": -340.36527060000003, "elapsed": 8407.972158193588}