{"E_total": -340.37421570000004, "elapsed": 10400.852549552917}