{"E_total": -340.37331543999994, "elapsed": 8737.425218582153}