{"E_total": -340.36695349, "elapsed": 8151.183916568756}