{"E_total": -142.29788076209422, "elapsed": 10.909878015518188}