{"E_total": -142.32349793857415, "elapsed": 11.972304105758667}