{"E_total": -149.3555105289235, "elapsed": 12.906389951705933}