{"E_total": -147.90098050498347, "elapsed": 15.935668230056763}