{"E_total": -149.32240832411176, "elapsed": 12.725627899169922}