{"E_total": -149.35794336664537, "elapsed": 23.219552040100098}