{
  "OH": {
    "E_gas": -7.55401233,
    "E_slab": -320.32519849,
    "E_total_best": -330.24504914,
    "best_site": "idx_0",
    "E_ads_best": -2.365838320000023,
    "sites": {
      "idx_0": {
        "E_total": -330.24504914,
        "elapsed": 1621.459567785263
      }
    }
  },
  "HO2": {
    "E_gas": -13.09479942,
    "E_slab": -320.32519849,
    "E_total_best": -334.31327652,
    "best_site": "idx_0",
    "E_ads_best": -0.8932786099999817,
    "sites": {
      "idx_0": {
        "E_total": -334.31327652,
        "elapsed": 2392.2359821796417
      }
    }
  },
  "O": {
    "E_gas": -1.57618459,
    "E_slab": -320.32519849,
    "E_total_best": -326.10510674,
    "best_site": "idx_0",
    "E_ads_best": -4.20372365999998,
    "sites": {
      "idx_0": {
        "E_total": -326.10510674,
        "elapsed": 2326.433665752411
      }
    }
  },
  "O2": {
    "E_gas": -9.65530471
  },
  "H2O": {
    "E_gas": -14.2188021
  },
  "H2": {
    "E_gas": -6.99812568
  }
}