{"E_total": -218.21870321, "elapsed": 12396.595656394958}