{"E_total": -218.25948598000002, "elapsed": 11805.587038755417}