{"E_total": -218.25125842, "elapsed": 14173.335758209229}