{"E_total": -218.02719943, "elapsed": 2102.629004716873}