{"E_total": -213.27219914, "elapsed": 1142.9458484649658}