{"E_total": -214.10644867000002, "elapsed": 7028.644643545151}