{"E_total": -214.10559934999998, "elapsed": 5952.972257375717}