{"E_total": -214.10619091999996, "elapsed": 5529.876166820526}