{"E_total": -206.9793617466056, "elapsed": 13.391041040420532}