{"E_total": -207.11354667934964, "elapsed": 20.61561608314514}