{"E_total": -207.03697585776956, "elapsed": 15.339358806610107}