{"E_total": -206.2561431881143, "elapsed": 4.696458101272583}