{"E_total": -235.56201571238137, "elapsed": 13.817920923233032}