{"E_total": -235.39573718659773, "elapsed": 11.260989904403687}