{"E_total": -234.9142947799393, "elapsed": 5.827326059341431}