{"E_total": -235.66019025452005, "elapsed": 12.117088079452515}