{
  "OH": {
    "E_gas": -7.55401233,
    "E_slab": -325.87941395,
    "E_total_best": -335.91591198,
    "best_offset": "ofst_0.66_0.66",
    "E_ads_best": -2.482485699999984,
    "offsets": {
      "ofst_0.0_0.0": {
        "E_total": -334.86982834,
        "elapsed": 772.4335885047913
      },
      "ofst_0.5_0.0": {
        "E_total": -335.89050413999996,
        "elapsed": 5126.738597869873
      },
      "ofst_0.33_0.33": {
        "E_total": -335.88759921,
        "elapsed": 4702.398161888123
      },
      "ofst_0.66_0.66": {
        "E_total": -335.91591198,
        "elapsed": 4812.479788780212
      }
    }
  },
  "HO2": {
    "E_gas": -13.09501097,
    "E_slab": -325.87941395,
    "E_total_best": -340.37421570000004,
    "best_offset": "ofst_0.5_0.0",
    "E_ads_best": -1.3997907800000462,
    "offsets": {
      "ofst_0.0_0.0": {
        "E_total": -340.36527060000003,
        "elapsed": 8407.972158193588
      },
      "ofst_0.5_0.0": {
        "E_total": -340.37421570000004,
        "elapsed": 10400.852549552917
      },
      "ofst_0.33_0.33": {
        "E_total": -340.36695349,
        "elapsed": 8151.183916568756
      },
      "ofst_0.66_0.66": {
        "E_total": -340.37331543999994,
        "elapsed": 8737.425218582153
      }
    }
  },
  "O": {
    "E_gas": -1.57618459,
    "E_slab": -325.87941395,
    "E_total_best": -331.52519947999997,
    "best_offset": "ofst_0.5_0.0",
    "E_ads_best": -4.06960093999993,
    "offsets": {
      "ofst_0.0_0.0": {
        "E_total": -330.49376395,
        "elapsed": 813.9673647880554
      },
      "ofst_0.5_0.0": {
        "E_total": -331.52519947999997,
        "elapsed": 2648.878005027771
      },
      "ofst_0.33_0.33": {
        "E_total": -331.52506011,
        "elapsed": 1308.5309405326843
      },
      "ofst_0.66_0.66": {
        "E_total": -331.16509474,
        "elapsed": 1435.8883073329926
      }
    }
  },
  "O2": {
    "E_gas": -9.65531341
  },
  "H2O": {
    "E_gas": -14.21139205
  },
  "H2": {
    "E_gas": -6.99812568
  }
}