{"E_total": -137.82380301113156, "elapsed": 26.907557010650635}