{
  "OH": {
    "E_gas": -8.232347951266604,
    "E_slab": -480.94485448477906,
    "E_total_best": -491.4316735892163,
    "best_site": "idx_1_12",
    "E_ads_best": -2.254471153170641,
    "sites": {
      "idx_0": {
        "E_total": -491.11930938843165,
        "elapsed": 21.851850032806396
      },
      "idx_0_1": {
        "E_total": -491.043601325603,
        "elapsed": 15.643606662750244
      },
      "idx_12": {
        "E_total": -487.2404467464427,
        "elapsed": 41.769596099853516
      },
      "idx_1_12": {
        "E_total": -491.4316735892163,
        "elapsed": 62.68217706680298
      },
      "idx_1_2_12": {
        "E_total": -491.1968086746034,
        "elapsed": 36.075361013412476
      }
    }
  },
  "HO2": {
    "E_gas": -13.446713761240769,
    "E_slab": -480.94485448477906,
    "E_total_best": -496.5581712094587,
    "best_site": "idx_1_12",
    "E_ads_best": -2.1666029634388906,
    "sites": {
      "idx_0": {
        "E_total": -495.7982092896513,
        "elapsed": 33.57651090621948
      },
      "idx_0_1": {
        "E_total": -496.048655592596,
        "elapsed": 63.28825497627258
      },
      "idx_12": {
        "E_total": -495.05743560695987,
        "elapsed": 47.88173699378967
      },
      "idx_1_12": {
        "E_total": -496.5581712094587,
        "elapsed": 62.41413402557373
      },
      "idx_1_2_12": {
        "E_total": -495.5791421653219,
        "elapsed": 29.6476411819458
      }
    }
  },
  "O": {
    "E_gas": -1.5469101294269916,
    "E_slab": -480.94485448477906,
    "E_total_best": -487.128749429212,
    "best_site": "idx_0",
    "E_ads_best": -4.636984815005974,
    "sites": {
      "idx_0": {
        "E_total": -487.128749429212,
        "elapsed": 33.95730686187744
      },
      "idx_0_1": {
        "E_total": -486.85391458823443,
        "elapsed": 14.385732173919678
      },
      "idx_12": {
        "E_total": -483.2839234539566,
        "elapsed": 60.8096821308136
      },
      "idx_1_12": {
        "E_total": -486.9737095891405,
        "elapsed": 33.720052003860474
      },
      "idx_1_2_12": {
        "E_total": -486.9674999672087,
        "elapsed": 39.68444204330444
      }
    }
  },
  "O2": {
    "E_gas": -9.892702029292437
  },
  "H2O": {
    "E_gas": -14.196630289850354
  },
  "H2": {
    "E_gas": -6.774767560505041
  }
}