{
  "OH": {
    "E_gas": -8.232347951266604,
    "E_slab": -128.312399505907,
    "E_total_best": -137.82380301113156,
    "best_offset": "ofst_0.5_0.0",
    "E_ads_best": -1.27905555395796,
    "offsets": {
      "ofst_0.0_0.0": {
        "E_total": -137.21798880040916,
        "elapsed": 10.66379690170288
      },
      "ofst_0.5_0.0": {
        "E_total": -137.82380301113156,
        "elapsed": 27.26249599456787
      },
      "ofst_0.33_0.33": {
        "E_total": -137.66512858692238,
        "elapsed": 6.863603353500366
      },
      "ofst_0.66_0.66": {
        "E_total": -137.61698606876604,
        "elapsed": 6.220285892486572
      }
    }
  },
  "HO2": {
    "E_gas": -13.446713761240769,
    "E_slab": -128.312399505907,
    "E_total_best": -142.32349793857415,
    "best_offset": "ofst_0.0_0.0",
    "E_ads_best": -0.5643846714263816,
    "offsets": {
      "ofst_0.0_0.0": {
        "E_total": -142.32349793857415,
        "elapsed": 11.323182106018066
      },
      "ofst_0.5_0.0": {
        "E_total": -142.29788076209422,
        "elapsed": 9.975459098815918
      },
      "ofst_0.33_0.33": {
        "E_total": -142.25849994151295,
        "elapsed": 8.179545879364014
      },
      "ofst_0.66_0.66": {
        "E_total": -142.22744714437658,
        "elapsed": 10.765151023864746
      }
    }
  },
  "O": {
    "E_gas": -1.5469101294269916,
    "E_slab": -128.312399505907,
    "E_total_best": -133.09845554465568,
    "best_offset": "ofst_0.33_0.33",
    "E_ads_best": -3.239145909321678,
    "offsets": {
      "ofst_0.0_0.0": {
        "E_total": -132.16146754996726,
        "elapsed": 5.669106960296631
      },
      "ofst_0.5_0.0": {
        "E_total": -133.09090615683243,
        "elapsed": 21.045918941497803
      },
      "ofst_0.33_0.33": {
        "E_total": -133.09845554465568,
        "elapsed": 8.944183826446533
      },
      "ofst_0.66_0.66": {
        "E_total": -133.00434948211776,
        "elapsed": 11.084529876708984
      }
    }
  },
  "O2": {
    "E_gas": -9.892702029292437
  },
  "H2O": {
    "E_gas": -14.196630289850354
  },
  "H2": {
    "E_gas": -6.774767560505041
  }
}