{"E_total": -346.64110715, "elapsed": 1230.5059971809387}