{"E_total": -345.88098405000005, "elapsed": 837.7401490211487}