{"E_total": -346.74236335, "elapsed": 959.4262120723724}