{"E_total": -346.85652996000005, "elapsed": 3620.01913690567}