{"E_total": -235.66019025452005, "elapsed": 11.676659107208252}