{"E_total": -235.56201571238137, "elapsed": 14.00046992301941}