{"E_total": -234.9142947799393, "elapsed": 5.918396949768066}