{
  "OH": {
    "E_gas": -7.55401233,
    "E_slab": -204.34174180000002,
    "E_total_best": -214.10644867000002,
    "best_offset": "ofst_0.66_0.66",
    "E_ads_best": -2.2106945399999915,
    "offsets": {
      "ofst_0.0_0.0": {
        "E_total": -213.27219914,
        "elapsed": 1142.9458484649658
      },
      "ofst_0.5_0.0": {
        "E_total": -214.10619091999996,
        "elapsed": 5529.876166820526
      },
      "ofst_0.33_0.33": {
        "E_total": -214.10559934999998,
        "elapsed": 5952.972257375717
      },
      "ofst_0.66_0.66": {
        "E_total": -214.10644867000002,
        "elapsed": 7028.644643545151
      }
    }
  },
  "HO2": {
    "E_gas": -13.09501097,
    "E_slab": -204.34174180000002,
    "E_total_best": -218.25948598000002,
    "best_offset": "ofst_0.5_0.0",
    "E_ads_best": -0.8227332099999956,
    "offsets": {
      "ofst_0.0_0.0": {
        "E_total": -218.25125842,
        "elapsed": 14173.335758209229
      },
      "ofst_0.5_0.0": {
        "E_total": -218.25948598000002,
        "elapsed": 11805.587038755417
      },
      "ofst_0.33_0.33": {
        "E_total": -218.02719943,
        "elapsed": 2102.629004716873
      },
      "ofst_0.66_0.66": {
        "E_total": -218.21870321,
        "elapsed": 12396.595656394958
      }
    }
  },
  "O": {
    "E_gas": -1.57618459,
    "E_slab": -204.34174180000002,
    "E_total_best": -209.08182773,
    "best_offset": "ofst_0.33_0.33",
    "E_ads_best": -3.163901339999967,
    "offsets": {
      "ofst_0.0_0.0": {
        "E_total": -208.23055917,
        "elapsed": 714.8531816005707
      },
      "ofst_0.5_0.0": {
        "E_total": -209.08174473000003,
        "elapsed": 3941.8920862674713
      },
      "ofst_0.33_0.33": {
        "E_total": -209.08182773,
        "elapsed": 1464.8143856525421
      },
      "ofst_0.66_0.66": {
        "E_total": -208.99053733,
        "elapsed": 1796.3205502033234
      }
    }
  },
  "O2": {
    "E_gas": -9.65531341
  },
  "H2O": {
    "E_gas": -14.21139205
  },
  "H2": {
    "E_gas": -6.99812568
  }
}