{"E_total": -204.05071682099845, "elapsed": 14.737073183059692}