{"E_total": -205.34317341395348, "elapsed": 15.552592992782593}