{"E_total": -205.85366054631893, "elapsed": 13.432269811630249}