{"E_total": -275.51991680000003, "elapsed": 3458.3219788074493}