{"E_total": -275.33237789, "elapsed": 1554.4326858520508}