{"E_total": -274.19432508, "elapsed": 1186.6521050930023}