{"E_total": -275.52011687000004, "elapsed": 1424.1990439891815}