{"E_total": -153.47139110399854, "elapsed": 11.606307744979858}