{"E_total": -153.6307795299848, "elapsed": 13.436583995819092}