{"E_total": -153.60865937610293, "elapsed": 13.50556492805481}