{"E_total": -152.74007192982023, "elapsed": 6.213705062866211}