{"E_total": -335.88759921, "elapsed": 4702.398161888123}