{"E_total": -334.86982834, "elapsed": 772.4335885047913}