{"E_total": -335.89050413999996, "elapsed": 5126.738597869873}