{"E_total": -335.91591198, "elapsed": 4812.479788780212}