{"E_total": -97.42260908058402, "elapsed": 8.755305051803589}