{"E_total": -97.02057766181701, "elapsed": 9.365750789642334}