{"E_total": -97.03224751859433, "elapsed": 4.186776638031006}