{"E_total": -214.46211102220195, "elapsed": 51.565752029418945}