{"E_total": -214.6169476607985, "elapsed": 51.86776423454285}