{"E_total": -216.35261924341077, "elapsed": 49.588972091674805}