{"E_total": -213.44417601778005, "elapsed": 16.547136068344116}