{"E_total": -274.4433003260453, "elapsed": 7.886641263961792}