{"E_total": -275.444056602297, "elapsed": 14.139181852340698}