{"E_total": -275.3993089773342, "elapsed": 15.955987215042114}