{"E_total": -275.3711705623901, "elapsed": 14.575600147247314}