{
  "OH": {
    "E_gas": -7.55401233,
    "E_slab": -412.59660709,
    "E_total_best": -423.09263759000004,
    "best_offset": "ofst_0.5_0.0",
    "E_ads_best": -2.94201817000004,
    "offsets": {
      "ofst_0.0_0.0": {
        "E_total": -422.16437762,
        "elapsed": 754.0005683898926
      },
      "ofst_0.5_0.0": {
        "E_total": -423.09263759000004,
        "elapsed": 3825.0429372787476
      },
      "ofst_0.33_0.33": {
        "E_total": -423.09255106,
        "elapsed": 4283.3596823215485
      },
      "ofst_0.66_0.66": {
        "E_total": -422.99339207,
        "elapsed": 4146.815233469009
      }
    }
  },
  "HO2": {
    "E_gas": -13.09501097,
    "E_slab": -412.59660709,
    "E_total_best": -429.67855112,
    "best_offset": "ofst_0.5_0.0",
    "E_ads_best": -3.9869330600000126,
    "offsets": {
      "ofst_0.0_0.0": {
        "E_total": -429.5121924,
        "elapsed": 12937.716438055038
      },
      "ofst_0.5_0.0": {
        "E_total": -429.67855112,
        "elapsed": 11302.136646032333
      },
      "ofst_0.33_0.33": {
        "E_total": -427.00806584,
        "elapsed": 2321.373441696167
      },
      "ofst_0.66_0.66": {
        "E_total": -429.37938052000004,
        "elapsed": 10604.321159124374
      }
    }
  },
  "O": {
    "E_gas": -1.57618459,
    "E_slab": -412.59660709,
    "E_total_best": -419.14295033999997,
    "best_offset": "ofst_0.5_0.0",
    "E_ads_best": -4.970158659999925,
    "offsets": {
      "ofst_0.0_0.0": {
        "E_total": -418.0951098,
        "elapsed": 1064.9568297863007
      },
      "ofst_0.5_0.0": {
        "E_total": -419.14295033999997,
        "elapsed": 2414.062518596649
      },
      "ofst_0.33_0.33": {
        "E_total": -419.14284969000005,
        "elapsed": 1274.5824449062347
      },
      "ofst_0.66_0.66": {
        "E_total": -418.94781538,
        "elapsed": 1119.6725919246674
      }
    }
  },
  "O2": {
    "E_gas": -9.65531341
  },
  "H2O": {
    "E_gas": -14.21139205
  },
  "H2": {
    "E_gas": -6.99812568
  }
}