{"E_total": -330.49376395, "elapsed": 813.9673647880554}