{"E_total": -331.52506011, "elapsed": 1308.5309405326843}