{"E_total": -331.16509474, "elapsed": 1435.8883073329926}