{"E_total": -331.52519947999997, "elapsed": 2648.878005027771}