{"E_total": -418.0951098, "elapsed": 1064.9568297863007}