{"E_total": -419.14295033999997, "elapsed": 2414.062518596649}