{"E_total": -419.14284969000005, "elapsed": 1274.5824449062347}