{"E_total": -418.94781538, "elapsed": 1119.6725919246674}