{
  "OH": {
    "E_gas": -8.950782775878906,
    "E_slab": -222.3444366455078,
    "E_total_best": -232.8278350830078,
    "best_site": "idx_0_1",
    "E_ads_best": -1.5326080322265625,
    "sites": {
      "idx_0": {
        "E_total": -232.6494140625,
        "elapsed": 1.1774001121520996
      },
      "idx_0_1": {
        "E_total": -232.8278350830078,
        "elapsed": 4.385416507720947
      },
      "idx_12": {
        "E_total": -231.58303833007812,
        "elapsed": 0.9297137260437012
      },
      "idx_1_12": {
        "E_total": -232.42108154296875,
        "elapsed": 2.6312003135681152
      },
      "idx_1_2_12": {
        "E_total": -232.13327026367188,
        "elapsed": 1.0452535152435303
      }
    }
  },
  "HO2": {
    "E_gas": -13.174880027770996,
    "E_slab": -222.3444366455078,
    "E_total_best": -237.29664611816406,
    "best_site": "idx_0",
    "E_ads_best": -1.7773284912109375,
    "sites": {
      "idx_0": {
        "E_total": -237.29664611816406,
        "elapsed": 2.157095193862915
      },
      "idx_0_1": {
        "E_total": -236.63729858398438,
        "elapsed": 1.439798355102539
      },
      "idx_12": {
        "E_total": -236.69886779785156,
        "elapsed": 5.14227819442749
      },
      "idx_1_12": {
        "E_total": -236.53578186035156,
        "elapsed": 2.855534553527832
      },
      "idx_1_2_12": {
        "E_total": -236.37747192382812,
        "elapsed": 1.5348596572875977
      }
    }
  },
  "O": {
    "E_gas": -3.195948600769043,
    "E_slab": -222.3444366455078,
    "E_total_best": -228.4353790283203,
    "best_site": "idx_0",
    "E_ads_best": -2.894989013671875,
    "sites": {
      "idx_0": {
        "E_total": -228.4353790283203,
        "elapsed": 0.9415411949157715
      },
      "idx_0_1": {
        "E_total": -228.3922882080078,
        "elapsed": 1.6172590255737305
      },
      "idx_12": {
        "E_total": -227.2522735595703,
        "elapsed": 2.313927412033081
      },
      "idx_1_12": {
        "E_total": -228.42062377929688,
        "elapsed": 1.9866275787353516
      },
      "idx_1_2_12": {
        "E_total": -228.23289489746094,
        "elapsed": 1.456160306930542
      }
    }
  },
  "O2": {
    "E_gas": -9.80252456665039
  },
  "H2O": {
    "E_gas": -14.132852554321289
  },
  "H2": {
    "E_gas": -6.692961692810059
  }
}