{
  "OH": {
    "E_gas": -8.950782775878906,
    "E_slab": -222.34442138671875,
    "E_total_best": -232.64942932128906,
    "best_site": "idx_0",
    "E_ads_best": -1.3542327880859375,
    "sites": {
      "idx_0": {
        "E_total": -232.64942932128906,
        "elapsed": 1.2000551223754883
      },
      "idx_0_1": {
        "E_total": -232.5881805419922,
        "elapsed": 4.1682775020599365
      },
      "idx_12": {
        "E_total": -231.58306884765625,
        "elapsed": 0.8644874095916748
      },
      "idx_1_12": {
        "E_total": -232.42112731933594,
        "elapsed": 2.604403257369995
      },
      "idx_1_2_12": {
        "E_total": -232.13319396972656,
        "elapsed": 1.0652210712432861
      }
    }
  },
  "HO2": {
    "E_gas": -13.174880027770996,
    "E_slab": -222.34442138671875,
    "E_total_best": -237.296630859375,
    "best_site": "idx_0",
    "E_ads_best": -1.7773284912109375,
    "sites": {
      "idx_0": {
        "E_total": -237.296630859375,
        "elapsed": 2.1700077056884766
      },
      "idx_0_1": {
        "E_total": -236.6372833251953,
        "elapsed": 1.4529201984405518
      },
      "idx_12": {
        "E_total": -236.69883728027344,
        "elapsed": 5.152298927307129
      },
      "idx_1_12": {
        "E_total": -236.53585815429688,
        "elapsed": 2.8660645484924316
      },
      "idx_1_2_12": {
        "E_total": -236.3774871826172,
        "elapsed": 1.5476336479187012
      }
    }
  },
  "O": {
    "E_gas": -3.195948600769043,
    "E_slab": -222.34442138671875,
    "E_total_best": -228.43533325195312,
    "best_site": "idx_0",
    "E_ads_best": -2.89495849609375,
    "sites": {
      "idx_0": {
        "E_total": -228.43533325195312,
        "elapsed": 0.942899227142334
      },
      "idx_0_1": {
        "E_total": -228.39230346679688,
        "elapsed": 1.6318025588989258
      },
      "idx_12": {
        "E_total": -227.2521514892578,
        "elapsed": 2.3273329734802246
      },
      "idx_1_12": {
        "E_total": -228.42063903808594,
        "elapsed": 1.9986951351165771
      },
      "idx_1_2_12": {
        "E_total": -228.23291015625,
        "elapsed": 1.479745626449585
      }
    }
  },
  "O2": {
    "E_gas": -9.80252456665039
  },
  "H2O": {
    "E_gas": -14.132852554321289
  },
  "H2": {
    "E_gas": -6.692961692810059
  }
}