{"E_total": -244.49194628752235, "elapsed": 17.620710849761963}