{"E_total": -244.69946857986295, "elapsed": 18.364731788635254}