{"E_total": -244.39031507947868, "elapsed": 23.876470804214478}