{
  "OH": {
    "E_gas": -8.232347951266604,
    "E_slab": -142.85779715449738,
    "E_total_best": -153.6307795299848,
    "best_offset": "ofst_0.33_0.33",
    "E_ads_best": -2.5406344242208263,
    "offsets": {
      "ofst_0.0_0.0": {
        "E_total": -152.74007192982023,
        "elapsed": 6.213705062866211
      },
      "ofst_0.5_0.0": {
        "E_total": -153.47139110399854,
        "elapsed": 11.606307744979858
      },
      "ofst_0.33_0.33": {
        "E_total": -153.6307795299848,
        "elapsed": 13.436583995819092
      },
      "ofst_0.66_0.66": {
        "E_total": -153.60865937610293,
        "elapsed": 13.50556492805481
      }
    }
  },
  "HO2": {
    "E_gas": -13.446713761240769,
    "E_slab": -142.85779715449738,
    "E_total_best": -157.97332604586975,
    "best_offset": "ofst_0.5_0.0",
    "E_ads_best": -1.6688151301316054,
    "offsets": {
      "ofst_0.0_0.0": {
        "E_total": -157.6430039317771,
        "elapsed": 12.758543014526367
      },
      "ofst_0.5_0.0": {
        "E_total": -157.97332604586975,
        "elapsed": 25.439975261688232
      },
      "ofst_0.33_0.33": {
        "E_total": -157.94416870343753,
        "elapsed": 14.458601951599121
      },
      "ofst_0.66_0.66": {
        "E_total": -157.94000645840902,
        "elapsed": 14.940399885177612
      }
    }
  },
  "O": {
    "E_gas": -1.5469101294269916,
    "E_slab": -142.85779715449738,
    "E_total_best": -149.35794336664537,
    "best_offset": "ofst_0.5_0.0",
    "E_ads_best": -4.953236082720991,
    "offsets": {
      "ofst_0.0_0.0": {
        "E_total": -147.90098050498347,
        "elapsed": 15.935668230056763
      },
      "ofst_0.5_0.0": {
        "E_total": -149.35794336664537,
        "elapsed": 23.219552040100098
      },
      "ofst_0.33_0.33": {
        "E_total": -149.3555105289235,
        "elapsed": 12.906389951705933
      },
      "ofst_0.66_0.66": {
        "E_total": -149.32240832411176,
        "elapsed": 12.725627899169922
      }
    }
  },
  "O2": {
    "E_gas": -9.892702029292437
  },
  "H2O": {
    "E_gas": -14.196630289850354
  },
  "H2": {
    "E_gas": -6.774767560505041
  }
}