{"E_total": -423.09263759000004, "elapsed": 3825.0429372787476}