{"E_total": -423.09255106, "elapsed": 4283.3596823215485}