{"E_total": -422.16437762, "elapsed": 754.0005683898926}