{"E_total": -422.99339207, "elapsed": 4146.815233469009}