{"E_total": -427.00806584, "elapsed": 2321.373441696167}