{"E_total": -429.5121924, "elapsed": 12937.716438055038}