{"E_total": -429.37938052000004, "elapsed": 10604.321159124374}