{"E_total": -429.67855112, "elapsed": 11302.136646032333}