{"E_total": -205.85991829766235, "elapsed": 13.167385816574097}