{"E_total": -205.85366054631893, "elapsed": 13.449205875396729}