{"E_total": -204.05071682099845, "elapsed": 13.390624046325684}