{"E_total": -101.35571791990284, "elapsed": 9.764210939407349}