{"E_total": -122.272566305986, "elapsed": 17.399280786514282}