{"E_total": -122.43141410039595, "elapsed": 10.15753698348999}