{"E_total": -122.45847198534436, "elapsed": 16.063617944717407}