{"E_total": -122.43489606701505, "elapsed": 9.605844020843506}