{
  "OH": {
    "E_gas": -8.232347951266604,
    "E_slab": -264.8292612881231,
    "E_total_best": -275.444056602297,
    "best_offset": "ofst_0.66_0.66",
    "E_ads_best": -2.3824473629072713,
    "offsets": {
      "ofst_0.0_0.0": {
        "E_total": -274.4433003260453,
        "elapsed": 7.886641263961792
      },
      "ofst_0.5_0.0": {
        "E_total": -275.3993089773342,
        "elapsed": 15.955987215042114
      },
      "ofst_0.33_0.33": {
        "E_total": -275.3711705623901,
        "elapsed": 14.575600147247314
      },
      "ofst_0.66_0.66": {
        "E_total": -275.444056602297,
        "elapsed": 14.139181852340698
      }
    }
  },
  "HO2": {
    "E_gas": -13.446713761240769,
    "E_slab": -264.8292612881231,
    "E_total_best": -281.72477295368094,
    "best_offset": "ofst_0.66_0.66",
    "E_ads_best": -3.4487979043170753,
    "offsets": {
      "ofst_0.0_0.0": {
        "E_total": -279.8148006841341,
        "elapsed": 12.860141038894653
      },
      "ofst_0.5_0.0": {
        "E_total": -280.0605893990629,
        "elapsed": 20.43150281906128
      },
      "ofst_0.33_0.33": {
        "E_total": -279.85556199663347,
        "elapsed": 16.801316738128662
      },
      "ofst_0.66_0.66": {
        "E_total": -281.72477295368094,
        "elapsed": 43.1761360168457
      }
    }
  },
  "O": {
    "E_gas": -1.5469101294269916,
    "E_slab": -264.8292612881231,
    "E_total_best": -271.8262273123774,
    "best_offset": "ofst_0.66_0.66",
    "E_ads_best": -5.450055894827301,
    "offsets": {
      "ofst_0.0_0.0": {
        "E_total": -270.22432777579536,
        "elapsed": 6.884795904159546
      },
      "ofst_0.5_0.0": {
        "E_total": -271.82127587845923,
        "elapsed": 26.727771759033203
      },
      "ofst_0.33_0.33": {
        "E_total": -271.7244208179028,
        "elapsed": 16.444117069244385
      },
      "ofst_0.66_0.66": {
        "E_total": -271.8262273123774,
        "elapsed": 16.632713079452515
      }
    }
  },
  "O2": {
    "E_gas": -9.892702029292437
  },
  "H2O": {
    "E_gas": -14.196630289850354
  },
  "H2": {
    "E_gas": -6.774767560505041
  }
}