{"E_total": -283.71955123, "elapsed": 2082.622055530548}