{"E_total": -284.05926753, "elapsed": 9208.991741418839}