{"E_total": -284.05805370999997, "elapsed": 11070.260457754135}