{"E_total": -284.05933133999997, "elapsed": 11000.564105033875}