{
  "OH": {
    "E_gas": -8.232347951266604,
    "E_slab": -229.95499181213208,
    "E_total_best": -240.0639148718071,
    "best_offset": "ofst_0.5_0.0",
    "E_ads_best": -1.8765751084084172,
    "offsets": {
      "ofst_0.0_0.0": {
        "E_total": -239.23964037324816,
        "elapsed": 5.66997504234314
      },
      "ofst_0.5_0.0": {
        "E_total": -240.0639148718071,
        "elapsed": 27.608733892440796
      },
      "ofst_0.33_0.33": {
        "E_total": -239.6761661473821,
        "elapsed": 9.187676191329956
      },
      "ofst_0.66_0.66": {
        "E_total": -239.6166224434297,
        "elapsed": 13.621770143508911
      }
    }
  },
  "HO2": {
    "E_gas": -13.446713761240769,
    "E_slab": -229.95499181213208,
    "E_total_best": -244.69946857986295,
    "best_offset": "ofst_0.0_0.0",
    "E_ads_best": -1.2977630064901007,
    "offsets": {
      "ofst_0.0_0.0": {
        "E_total": -244.69946857986295,
        "elapsed": 18.364731788635254
      },
      "ofst_0.5_0.0": {
        "E_total": -244.49194628752235,
        "elapsed": 17.620710849761963
      },
      "ofst_0.33_0.33": {
        "E_total": -244.39031507947868,
        "elapsed": 23.876470804214478
      },
      "ofst_0.66_0.66": {
        "E_total": -244.6621614152213,
        "elapsed": 38.5599901676178
      }
    }
  },
  "O": {
    "E_gas": -1.5469101294269916,
    "E_slab": -229.95499181213208,
    "E_total_best": -235.66019025452005,
    "best_offset": "ofst_0.33_0.33",
    "E_ads_best": -4.158288312960963,
    "offsets": {
      "ofst_0.0_0.0": {
        "E_total": -234.9142947799393,
        "elapsed": 5.827326059341431
      },
      "ofst_0.5_0.0": {
        "E_total": -235.39573718659773,
        "elapsed": 11.260989904403687
      },
      "ofst_0.33_0.33": {
        "E_total": -235.66019025452005,
        "elapsed": 12.117088079452515
      },
      "ofst_0.66_0.66": {
        "E_total": -235.56201571238137,
        "elapsed": 13.817920923233032
      }
    }
  },
  "O2": {
    "E_gas": -9.892702029292437
  },
  "H2O": {
    "E_gas": -14.196630289850354
  },
  "H2": {
    "E_gas": -6.774767560505041
  }
}