{"E_total": -336.4030387347379, "elapsed": 27.067866802215576}