{"E_total": -337.7561543294254, "elapsed": 37.42550611495972}