{"E_total": -337.75739877318216, "elapsed": 37.16598987579346}