{"E_total": -336.06407566886054, "elapsed": 12.61244797706604}