{"E_total": -133.09845554465568, "elapsed": 8.944183826446533}