{"E_total": -133.00434948211776, "elapsed": 11.084529876708984}