{"E_total": -133.09090615683243, "elapsed": 21.045918941497803}