{"E_total": -142.29788076209422, "elapsed": 9.975459098815918}