{"E_total": -142.22744714437658, "elapsed": 10.765151023864746}