{"E_total": -142.25849994151295, "elapsed": 8.179545879364014}