{"E_total": -244.49194628752235, "elapsed": 17.732699155807495}