{"E_total": -244.39031507947868, "elapsed": 24.244828939437866}