{"E_total": -208.99053733, "elapsed": 1796.3205502033234}