{"E_total": -209.08182773, "elapsed": 1464.8143856525421}