{"E_total": -208.23055917, "elapsed": 714.8531816005707}