{"E_total": -209.08174473000003, "elapsed": 3941.8920862674713}