{
  "OH": {
    "E_gas": -7.55401233,
    "E_slab": -120.81718265999999,
    "E_total_best": -131.29653765999998,
    "best_site": "idx_2",
    "E_ads_best": -2.925342669999992,
    "sites": {
      "idx_2": {
        "E_total": -131.29653765999998,
        "elapsed": 903.2742085456848
      }
    }
  },
  "HO2": {
    "E_gas": -13.09479942,
    "E_slab": -120.81718265999999,
    "E_total_best": -135.43361125,
    "best_site": "idx_2",
    "E_ads_best": -1.5216291700000397,
    "sites": {
      "idx_2": {
        "E_total": -135.43361125,
        "elapsed": 1311.8770396709442
      }
    }
  },
  "O": {
    "E_gas": -1.57618459,
    "E_slab": -120.81718265999999,
    "E_total_best": -127.42136703,
    "best_site": "idx_2",
    "E_ads_best": -5.027999780000016,
    "sites": {
      "idx_2": {
        "E_total": -127.42136703,
        "elapsed": 1476.7470381259918
      }
    }
  },
  "O2": {
    "E_gas": -9.65530471
  },
  "H2O": {
    "E_gas": -14.2188021
  },
  "H2": {
    "E_gas": -6.99812568
  }
}