{"E_total": -133.00434948211776, "elapsed": 11.427659034729004}