{"E_total": -133.09845554465568, "elapsed": 8.981770038604736}