Material,E_slab,E_H2_g,E_H2O_g,E_O2_g,E_slab_OOH,E_slab_O,E_slab_OH,E_ads_OOH,E_ads_O,E_ads_OH,dG1,dG2,dG3,dG4,dG_eq_1,dG_eq_2,dG_eq_3,dG_eq_4,U_L,Overpotential,Limiting potential
Pt_nano_length_2,-28.45155467,-6.99812568,-14.2188021,-9.52135284,-43.83939675,-35.17353958,-39.153822180000006,-2.193042659999996,-5.145800320000003,-2.948255180000004,-1.8069263999999992,-2.507382090000003,-0.14471976000000186,-0.4609717499999917,-0.5769263999999992,-1.2773820900000028,1.0852802399999981,0.7690282500000083,0.14471976000000186,1.0852802399999981,0.14471976000000186
Pt_nano_length_3,-120.81718265999999,-6.99812568,-14.2188021,-9.52135284,-135.53361125,-127.42136703,-131.49653765999997,-1.5216291700000397,-5.027999780000016,-2.925342669999992,-1.135512910000036,-3.060995040000004,-0.23960778999998045,-0.4838842600000248,0.09448708999996391,-1.830995040000004,0.9903922100000195,0.7461157399999752,0.23960778999998045,0.9903922100000195,0.23960778999998045
Pt_nano_length_4,-320.32519849,-6.99812568,-14.2188021,-9.52135284,-334.41327652,-326.10510674,-330.44504914,-0.8932786099999817,-4.20372365999998,-2.365838320000023,-0.5071623499999779,-2.865069479999969,-0.5043795599999621,-1.0433886099999938,0.7228376500000221,-1.6350694799999692,0.7256204400000379,0.18661139000000615,0.5043795599999621,0.7256204400000379,0.5043795599999621
Pt_nano_length_5,-660.35924602,-6.99812568,-14.2188021,-9.52135284,-674.7253107,-666.56813939,-670.8036473100001,-1.171265260000041,-4.63270878000003,-2.690388960000064,-0.7851490000000941,-3.0160679500000165,-0.3999450800000668,-0.7188379699998961,0.44485099999990585,-1.7860679500000165,0.8300549199999332,0.5111620300001039,0.3999450800000668,0.8300549199999332,0.3999450800000668
