{"E_total": -331.71499971772056, "elapsed": 20.005269050598145}