{"E_total": -331.10988379765416, "elapsed": 6.492123126983643}