{"E_total": -331.14174908866244, "elapsed": 6.631779193878174}