{"E_total": -330.69287555728124, "elapsed": 4.110825300216675}