{
  "OH": {
    "E_gas": -7.55401233,
    "E_slab": -1186.10370062,
    "E_total_best": -1196.43908151,
    "best_site": "idx_0",
    "E_ads_best": -2.7813685600001463,
    "sites": {
      "idx_0": {
        "E_total": -1196.43908151,
        "elapsed": 12075.04292011261
      }
    }
  },
  "HO2": {
    "E_gas": -13.09479942,
    "E_slab": -1186.10370062,
    "E_total_best": -1200.50064314,
    "best_site": "idx_0",
    "E_ads_best": -1.3021430999999666,
    "sites": {
      "idx_0": {
        "E_total": -1200.50064314,
        "elapsed": 15782.041849374771
      }
    }
  },
  "O": {
    "E_gas": -1.57618459,
    "E_slab": -1186.10370062,
    "E_total_best": -1192.29094476,
    "best_site": "idx_0",
    "E_ads_best": -4.611059550000164,
    "sites": {
      "idx_0": {
        "E_total": -1192.29094476,
        "elapsed": 20233.22019481659
      }
    }
  },
  "O2": {
    "E_gas": -9.65530471
  },
  "H2O": {
    "E_gas": -14.2188021
  },
  "H2": {
    "E_gas": -6.99812568
  }
}