{"E_total": -341.63552548, "elapsed": 1129.3730885982513}