{"E_total": -342.94737037000004, "elapsed": 2239.7546565532684}