{"E_total": -342.94751752, "elapsed": 1013.2219185829163}