{"E_total": -342.81344207999996, "elapsed": 995.7956962585449}