{"E_total": -137.21798880040916, "elapsed": 11.816058874130249}