{"E_total": -137.61698606876604, "elapsed": 6.387480974197388}