{"E_total": -235.39573718659773, "elapsed": 11.503409147262573}