{"E_total": -279.78579781, "elapsed": 4464.723555803299}