{"E_total": -278.73878504000004, "elapsed": 776.5616247653961}