{"E_total": -279.78157218, "elapsed": 4755.300224781036}