{"E_total": -279.51994428, "elapsed": 4995.880512475967}