{
  "OH": {
    "E_gas": -7.55401233,
    "E_slab": -269.50538889999996,
    "E_total_best": -279.78579781,
    "best_offset": "ofst_0.5_0.0",
    "E_ads_best": -2.7263965800000847,
    "offsets": {
      "ofst_0.0_0.0": {
        "E_total": -278.73878504000004,
        "elapsed": 776.5616247653961
      },
      "ofst_0.5_0.0": {
        "E_total": -279.78579781,
        "elapsed": 4464.723555803299
      },
      "ofst_0.33_0.33": {
        "E_total": -279.78157218,
        "elapsed": 4755.300224781036
      },
      "ofst_0.66_0.66": {
        "E_total": -279.51994428,
        "elapsed": 4995.880512475967
      }
    }
  },
  "HO2": {
    "E_gas": -13.09501097,
    "E_slab": -269.50538889999996,
    "E_total_best": -284.05933133999997,
    "best_offset": "ofst_0.0_0.0",
    "E_ads_best": -1.4589314700000386,
    "offsets": {
      "ofst_0.0_0.0": {
        "E_total": -284.05933133999997,
        "elapsed": 11000.564105033875
      },
      "ofst_0.5_0.0": {
        "E_total": -284.05926753,
        "elapsed": 9208.991741418839
      },
      "ofst_0.33_0.33": {
        "E_total": -283.71955123,
        "elapsed": 2082.622055530548
      },
      "ofst_0.66_0.66": {
        "E_total": -284.05805370999997,
        "elapsed": 11070.260457754135
      }
    }
  },
  "O": {
    "E_gas": -1.57618459,
    "E_slab": -269.50538889999996,
    "E_total_best": -275.52011687000004,
    "best_offset": "ofst_0.33_0.33",
    "E_ads_best": -4.4385433800000555,
    "offsets": {
      "ofst_0.0_0.0": {
        "E_total": -274.19432508,
        "elapsed": 1186.6521050930023
      },
      "ofst_0.5_0.0": {
        "E_total": -275.51991680000003,
        "elapsed": 3458.3219788074493
      },
      "ofst_0.33_0.33": {
        "E_total": -275.52011687000004,
        "elapsed": 1424.1990439891815
      },
      "ofst_0.66_0.66": {
        "E_total": -275.33237789,
        "elapsed": 1554.4326858520508
      }
    }
  },
  "O2": {
    "E_gas": -9.65531341
  },
  "H2O": {
    "E_gas": -14.21139205
  },
  "H2": {
    "E_gas": -6.99812568
  }
}