{
  "OH": {
    "E_gas": -8.232347951266604,
    "E_slab": -107.77136313094856,
    "E_total_best": -118.1059897844165,
    "best_offset": "ofst_0.33_0.33",
    "E_ads_best": -2.102278702201332,
    "offsets": {
      "ofst_0.0_0.0": {
        "E_total": -117.33300621844054,
        "elapsed": 9.93949007987976
      },
      "ofst_0.5_0.0": {
        "E_total": -117.92359752575457,
        "elapsed": 9.292556047439575
      },
      "ofst_0.33_0.33": {
        "E_total": -118.1059897844165,
        "elapsed": 10.478325128555298
      },
      "ofst_0.66_0.66": {
        "E_total": -118.07624253249351,
        "elapsed": 10.508495092391968
      }
    }
  },
  "HO2": {
    "E_gas": -13.446713761240769,
    "E_slab": -107.77136313094856,
    "E_total_best": -122.45847198534436,
    "best_offset": "ofst_0.5_0.0",
    "E_ads_best": -1.2403950931550298,
    "offsets": {
      "ofst_0.0_0.0": {
        "E_total": -122.272566305986,
        "elapsed": 17.399280786514282
      },
      "ofst_0.5_0.0": {
        "E_total": -122.45847198534436,
        "elapsed": 16.063617944717407
      },
      "ofst_0.33_0.33": {
        "E_total": -122.43489606701505,
        "elapsed": 9.605844020843506
      },
      "ofst_0.66_0.66": {
        "E_total": -122.43141410039595,
        "elapsed": 10.15753698348999
      }
    }
  },
  "O": {
    "E_gas": -1.5469101294269916,
    "E_slab": -107.77136313094856,
    "E_total_best": -112.97568876046944,
    "best_offset": "ofst_0.5_0.0",
    "E_ads_best": -3.65741550009389,
    "offsets": {
      "ofst_0.0_0.0": {
        "E_total": -111.83403034975814,
        "elapsed": 4.248010158538818
      },
      "ofst_0.5_0.0": {
        "E_total": -112.97568876046944,
        "elapsed": 21.0901780128479
      },
      "ofst_0.33_0.33": {
        "E_total": -112.97214368202492,
        "elapsed": 11.856726169586182
      },
      "ofst_0.66_0.66": {
        "E_total": -112.9296203029549,
        "elapsed": 11.682791948318481
      }
    }
  },
  "O2": {
    "E_gas": -9.892702029292437
  },
  "H2O": {
    "E_gas": -14.196630289850354
  },
  "H2": {
    "E_gas": -6.774767560505041
  }
}