{
  "OH": {
    "E_gas": -8.232347951266604,
    "E_slab": -198.5123396202446,
    "E_total_best": -209.6166879676651,
    "best_offset": "ofst_0.66_0.66",
    "E_ads_best": -2.8720003961538794,
    "offsets": {
      "ofst_0.0_0.0": {
        "E_total": -208.4946448820056,
        "elapsed": 6.170135974884033
      },
      "ofst_0.5_0.0": {
        "E_total": -209.59213438067283,
        "elapsed": 41.44907212257385
      },
      "ofst_0.33_0.33": {
        "E_total": -209.605395084753,
        "elapsed": 12.284541845321655
      },
      "ofst_0.66_0.66": {
        "E_total": -209.6166879676651,
        "elapsed": 14.050987005233765
      }
    }
  },
  "HO2": {
    "E_gas": -13.446713761240769,
    "E_slab": -198.5123396202446,
    "E_total_best": -216.35261924341077,
    "best_offset": "ofst_0.5_0.0",
    "E_ads_best": -4.393565861925396,
    "offsets": {
      "ofst_0.0_0.0": {
        "E_total": -213.44417601778005,
        "elapsed": 17.75632405281067
      },
      "ofst_0.5_0.0": {
        "E_total": -216.35261924341077,
        "elapsed": 48.44888091087341
      },
      "ofst_0.33_0.33": {
        "E_total": -214.46211102220195,
        "elapsed": 48.02966785430908
      },
      "ofst_0.66_0.66": {
        "E_total": -214.6169476607985,
        "elapsed": 47.24637579917908
      }
    }
  },
  "O": {
    "E_gas": -1.5469101294269916,
    "E_slab": -198.5123396202446,
    "E_total_best": -205.85991829766235,
    "best_offset": "ofst_0.33_0.33",
    "E_ads_best": -5.800668547990739,
    "offsets": {
      "ofst_0.0_0.0": {
        "E_total": -204.05071682099845,
        "elapsed": 13.390624046325684
      },
      "ofst_0.5_0.0": {
        "E_total": -205.34317341395348,
        "elapsed": 15.790667057037354
      },
      "ofst_0.33_0.33": {
        "E_total": -205.85991829766235,
        "elapsed": 13.167385816574097
      },
      "ofst_0.66_0.66": {
        "E_total": -205.85366054631893,
        "elapsed": 13.449205875396729
      }
    }
  },
  "O2": {
    "E_gas": -9.892702029292437
  },
  "H2O": {
    "E_gas": -14.196630289850354
  },
  "H2": {
    "E_gas": -6.774767560505041
  }
}