{"E_total": -216.35261924341077, "elapsed": 48.44888091087341}