{"E_total": -213.44417601778005, "elapsed": 17.75632405281067}