{"E_total": -214.6169476607985, "elapsed": 47.24637579917908}