{"E_total": -214.46211102220195, "elapsed": 48.02966785430908}