{"E_total": -192.24803964461412, "elapsed": 9.358015060424805}