{"E_total": -192.82494453304727, "elapsed": 8.928347110748291}