{"E_total": -192.8236259298485, "elapsed": 8.876740217208862}