{"E_total": -190.61913932328727, "elapsed": 8.652276039123535}