{
  "OH": {
    "E_gas": -7.55401233,
    "E_slab": -28.45155467,
    "E_total_best": -38.95382218,
    "best_site": "idx_0",
    "E_ads_best": -2.948255180000004,
    "sites": {
      "idx_0": {
        "E_total": -38.95382218,
        "elapsed": 319.4238278865814
      }
    }
  },
  "HO2": {
    "E_gas": -13.09479942,
    "E_slab": -28.45155467,
    "E_total_best": -43.73939675,
    "best_site": "idx_0",
    "E_ads_best": -2.193042659999996,
    "sites": {
      "idx_0": {
        "E_total": -43.73939675,
        "elapsed": 1184.2125384807587
      }
    }
  },
  "O": {
    "E_gas": -1.57618459,
    "E_slab": -28.45155467,
    "E_total_best": -35.17353958,
    "best_site": "idx_0",
    "E_ads_best": -5.145800320000003,
    "sites": {
      "idx_0": {
        "E_total": -35.17353958,
        "elapsed": 339.3542904853821
      }
    }
  },
  "O2": {
    "E_gas": -9.65530471
  },
  "H2O": {
    "E_gas": -14.2188021
  },
  "H2": {
    "E_gas": -6.99812568
  }
}