{
  "OH": {
    "E_gas": -8.232347951266604,
    "E_slab": -229.95499181213208,
    "E_total_best": -240.0639148718071,
    "best_offset": "ofst_0.5_0.0",
    "E_ads_best": -1.8765751084084172,
    "offsets": {
      "ofst_0.0_0.0": {
        "E_total": -239.23964037324816,
        "elapsed": 5.54964017868042
      },
      "ofst_0.5_0.0": {
        "E_total": -240.0639148718071,
        "elapsed": 25.951523065567017
      },
      "ofst_0.33_0.33": {
        "E_total": -239.6761661473821,
        "elapsed": 9.342237949371338
      },
      "ofst_0.66_0.66": {
        "E_total": -239.6166224434297,
        "elapsed": 15.223362922668457
      }
    }
  },
  "HO2": {
    "E_gas": -13.446713761240769,
    "E_slab": -229.95499181213208,
    "E_total_best": -244.69946857986295,
    "best_offset": "ofst_0.0_0.0",
    "E_ads_best": -1.2977630064901007,
    "offsets": {
      "ofst_0.0_0.0": {
        "E_total": -244.69946857986295,
        "elapsed": 19.576101779937744
      },
      "ofst_0.5_0.0": {
        "E_total": -244.49194628752235,
        "elapsed": 17.732699155807495
      },
      "ofst_0.33_0.33": {
        "E_total": -244.39031507947868,
        "elapsed": 24.244828939437866
      },
      "ofst_0.66_0.66": {
        "E_total": -244.6621614152213,
        "elapsed": 38.748404026031494
      }
    }
  },
  "O": {
    "E_gas": -1.5469101294269916,
    "E_slab": -229.95499181213208,
    "E_total_best": -235.66019025452005,
    "best_offset": "ofst_0.33_0.33",
    "E_ads_best": -4.158288312960963,
    "offsets": {
      "ofst_0.0_0.0": {
        "E_total": -234.9142947799393,
        "elapsed": 5.918396949768066
      },
      "ofst_0.5_0.0": {
        "E_total": -235.39573718659773,
        "elapsed": 11.503409147262573
      },
      "ofst_0.33_0.33": {
        "E_total": -235.66019025452005,
        "elapsed": 11.676659107208252
      },
      "ofst_0.66_0.66": {
        "E_total": -235.56201571238137,
        "elapsed": 14.00046992301941
      }
    }
  },
  "O2": {
    "E_gas": -9.892702029292437
  },
  "H2O": {
    "E_gas": -14.196630289850354
  },
  "H2": {
    "E_gas": -6.774767560505041
  }
}