{"E_total": -202.8449992238002, "elapsed": 11.904151916503906}