{"E_total": -202.79608616802716, "elapsed": 11.954309225082397}