{"E_total": -202.84207835676352, "elapsed": 21.49192214012146}