{"E_total": -201.56684979116307, "elapsed": 5.839540004730225}