{"E_total": -208.4946448820056, "elapsed": 6.170135974884033}