{"E_total": -209.59213438067283, "elapsed": 41.44907212257385}