{"E_total": -209.6166879676651, "elapsed": 14.050987005233765}