{"E_total": -209.605395084753, "elapsed": 12.284541845321655}