{"E_total": -208.4946448820056, "elapsed": 5.647619247436523}