{"E_total": -209.59213438067283, "elapsed": 43.244462966918945}