{"E_total": -209.605395084753, "elapsed": 13.52016806602478}