{"E_total": -209.6166879676651, "elapsed": 13.683330059051514}