{"E_total": -97.27350514737164, "elapsed": 7.396229028701782}