{"E_total": -97.26977181861821, "elapsed": 6.254259824752808}