{"E_total": -279.85556199663347, "elapsed": 16.801316738128662}