{"E_total": -279.8148006841341, "elapsed": 12.860141038894653}