{"E_total": -280.0605893990629, "elapsed": 20.43150281906128}