{"E_total": -281.72477295368094, "elapsed": 43.1761360168457}