{"E_total": -353.80584349000003, "elapsed": 8310.627920389175}