{"E_total": -350.84048342000006, "elapsed": 2085.179563522339}