{"E_total": -350.92023419, "elapsed": 2131.6747510433197}