{"E_total": -353.77660719999994, "elapsed": 11096.727164268494}