{
  "OH": {
    "E_gas": -8.232347951266604,
    "E_slab": -321.06932853822906,
    "E_total_best": -331.71499971772056,
    "best_offset": "ofst_0.5_0.0",
    "E_ads_best": -2.413323228224897,
    "offsets": {
      "ofst_0.0_0.0": {
        "E_total": -330.69287555728124,
        "elapsed": 4.110825300216675
      },
      "ofst_0.5_0.0": {
        "E_total": -331.71499971772056,
        "elapsed": 20.005269050598145
      },
      "ofst_0.33_0.33": {
        "E_total": -331.10988379765416,
        "elapsed": 6.492123126983643
      },
      "ofst_0.66_0.66": {
        "E_total": -331.14174908866244,
        "elapsed": 6.631779193878174
      }
    }
  },
  "HO2": {
    "E_gas": -13.446713761240769,
    "E_slab": -321.06932853822906,
    "E_total_best": -337.75739877318216,
    "best_offset": "ofst_0.66_0.66",
    "E_ads_best": -3.241356473712358,
    "offsets": {
      "ofst_0.0_0.0": {
        "E_total": -336.4030387347379,
        "elapsed": 27.067866802215576
      },
      "ofst_0.5_0.0": {
        "E_total": -337.7561543294254,
        "elapsed": 37.42550611495972
      },
      "ofst_0.33_0.33": {
        "E_total": -336.06407566886054,
        "elapsed": 12.61244797706604
      },
      "ofst_0.66_0.66": {
        "E_total": -337.75739877318216,
        "elapsed": 37.16598987579346
      }
    }
  },
  "O": {
    "E_gas": -1.5469101294269916,
    "E_slab": -321.06932853822906,
    "E_total_best": -327.70076386549437,
    "best_offset": "ofst_0.66_0.66",
    "E_ads_best": -5.084525197838332,
    "offsets": {
      "ofst_0.0_0.0": {
        "E_total": -327.05888513281747,
        "elapsed": 15.31073808670044
      },
      "ofst_0.5_0.0": {
        "E_total": -327.36015421062854,
        "elapsed": 9.905636072158813
      },
      "ofst_0.33_0.33": {
        "E_total": -327.6358936289793,
        "elapsed": 8.410943031311035
      },
      "ofst_0.66_0.66": {
        "E_total": -327.70076386549437,
        "elapsed": 8.727586030960083
      }
    }
  },
  "O2": {
    "E_gas": -9.892702029292437
  },
  "H2O": {
    "E_gas": -14.196630289850354
  },
  "H2": {
    "E_gas": -6.774767560505041
  }
}