{"E_total": -239.6166224434297, "elapsed": 15.223362922668457}