{
  "OH": {
    "E_gas": -8.232347951266604,
    "E_slab": -196.9211906698391,
    "E_total_best": -207.11354667934964,
    "best_offset": "ofst_0.5_0.0",
    "E_ads_best": -1.9600080582439432,
    "offsets": {
      "ofst_0.0_0.0": {
        "E_total": -206.2561431881143,
        "elapsed": 4.696458101272583
      },
      "ofst_0.5_0.0": {
        "E_total": -207.11354667934964,
        "elapsed": 20.61561608314514
      },
      "ofst_0.33_0.33": {
        "E_total": -207.03697585776956,
        "elapsed": 15.339358806610107
      },
      "ofst_0.66_0.66": {
        "E_total": -206.9793617466056,
        "elapsed": 13.391041040420532
      }
    }
  },
  "HO2": {
    "E_gas": -13.446713761240769,
    "E_slab": -196.9211906698391,
    "E_total_best": -211.54472455926884,
    "best_offset": "ofst_0.5_0.0",
    "E_ads_best": -1.1768201281889787,
    "offsets": {
      "ofst_0.0_0.0": {
        "E_total": -211.54027552056334,
        "elapsed": 16.396198749542236
      },
      "ofst_0.5_0.0": {
        "E_total": -211.54472455926884,
        "elapsed": 16.22347617149353
      },
      "ofst_0.33_0.33": {
        "E_total": -211.44445837741478,
        "elapsed": 26.61302614212036
      },
      "ofst_0.66_0.66": {
        "E_total": -211.28771082082764,
        "elapsed": 16.498537063598633
      }
    }
  },
  "O": {
    "E_gas": -1.5469101294269916,
    "E_slab": -196.9211906698391,
    "E_total_best": -202.8449992238002,
    "best_offset": "ofst_0.33_0.33",
    "E_ads_best": -4.37689842453409,
    "offsets": {
      "ofst_0.0_0.0": {
        "E_total": -201.56684979116307,
        "elapsed": 5.839540004730225
      },
      "ofst_0.5_0.0": {
        "E_total": -202.84207835676352,
        "elapsed": 21.49192214012146
      },
      "ofst_0.33_0.33": {
        "E_total": -202.8449992238002,
        "elapsed": 11.904151916503906
      },
      "ofst_0.66_0.66": {
        "E_total": -202.79608616802716,
        "elapsed": 11.954309225082397
      }
    }
  },
  "O2": {
    "E_gas": -9.892702029292437
  },
  "H2O": {
    "E_gas": -14.196630289850354
  },
  "H2": {
    "E_gas": -6.774767560505041
  }
}