{"E_total": -211.44445837741478, "elapsed": 26.61302614212036}