{"E_total": -211.54472455926884, "elapsed": 16.22347617149353}