{"E_total": -211.28771082082764, "elapsed": 16.498537063598633}