{"E_total": -211.54027552056334, "elapsed": 16.396198749542236}