{"E_total": -194.775830268586, "elapsed": 8.449662208557129}