{"E_total": -196.2796688340778, "elapsed": 10.32445502281189}