{"E_total": -195.9806810156935, "elapsed": 8.391506910324097}