{"E_total": -196.27366931239393, "elapsed": 9.56038212776184}