{"E_total": -271.82127587845923, "elapsed": 26.727771759033203}