{"E_total": -270.22432777579536, "elapsed": 6.884795904159546}