{"E_total": -271.8262273123774, "elapsed": 16.632713079452515}