{"E_total": -271.7244208179028, "elapsed": 16.444117069244385}