{"E_total": -101.19405835306888, "elapsed": 2.2738659381866455}