{"E_total": -101.66263385294828, "elapsed": 10.086217880249023}