{"E_total": -101.19325991405306, "elapsed": 10.460392951965332}