{"E_total": -101.43903320083578, "elapsed": 3.134927272796631}