{"E_total": -111.83403034975814, "elapsed": 4.248010158538818}