{"E_total": -112.97568876046944, "elapsed": 21.0901780128479}