{"E_total": -112.9296203029549, "elapsed": 11.682791948318481}