{"E_total": -112.97214368202492, "elapsed": 11.856726169586182}