{
  "OH": {
    "E_gas": -8.232347951266604,
    "E_slab": -91.47671119936558,
    "E_total_best": -101.66263385294828,
    "best_site": "idx_1_2_12",
    "E_ads_best": -1.9535747023160894,
    "sites": {
      "idx_0": {
        "E_total": -101.19405835306888,
        "elapsed": 2.2738659381866455
      },
      "idx_0_1": {
        "E_total": -101.43903320083578,
        "elapsed": 3.134927272796631
      },
      "idx_12": {
        "E_total": -101.35571791990284,
        "elapsed": 9.764210939407349
      },
      "idx_1_12": {
        "E_total": -101.19325991405306,
        "elapsed": 10.460392951965332
      },
      "idx_1_2_12": {
        "E_total": -101.66263385294828,
        "elapsed": 10.086217880249023
      }
    }
  },
  "HO2": {
    "E_gas": -13.446713761240769,
    "E_slab": -91.47671119936558,
    "E_total_best": -107.65331729080748,
    "best_site": "idx_12",
    "E_ads_best": -2.7298923302011247,
    "sites": {
      "idx_0": {
        "E_total": -106.40237519236369,
        "elapsed": 11.017729043960571
      },
      "idx_0_1": {
        "E_total": -105.92917420621018,
        "elapsed": 4.810161828994751
      },
      "idx_12": {
        "E_total": -107.65331729080748,
        "elapsed": 17.388551950454712
      },
      "idx_1_12": {
        "E_total": -106.429989019006,
        "elapsed": 14.58683705329895
      },
      "idx_1_2_12": {
        "E_total": -107.63498757031402,
        "elapsed": 16.256930828094482
      }
    }
  },
  "O": {
    "E_gas": -1.5469101294269916,
    "E_slab": -91.47671119936558,
    "E_total_best": -97.42260908058402,
    "best_site": "idx_0_1",
    "E_ads_best": -4.398987751791452,
    "sites": {
      "idx_0": {
        "E_total": -97.03224751859433,
        "elapsed": 4.186776638031006
      },
      "idx_0_1": {
        "E_total": -97.42260908058402,
        "elapsed": 8.755305051803589
      },
      "idx_12": {
        "E_total": -97.27350514737164,
        "elapsed": 7.396229028701782
      },
      "idx_1_12": {
        "E_total": -97.02057766181701,
        "elapsed": 9.365750789642334
      },
      "idx_1_2_12": {
        "E_total": -97.26977181861821,
        "elapsed": 6.254259824752808
      }
    }
  },
  "O2": {
    "E_gas": -9.892702029292437
  },
  "H2O": {
    "E_gas": -14.196630289850354
  },
  "H2": {
    "E_gas": -6.774767560505041
  }
}