{"E_total": -105.92917420621018, "elapsed": 4.810161828994751}